{"cameraMode":{"drawMode":0,"name":"Shaded","section":"Shading Mode"},"sceneLighting":false,"audioPlay":false,"sceneViewState":{"showFog":true,"showMaterialUpdate":false,"showSkybox":true,"showFlares":true,"showImageEffects":true,"showParticleSystems":true},"in2DMode":false,"pivot":{"x":0.014524579048156739,"y":1.8284547328948975,"z":1.1920928955078126e-7},"rotation":{"x":0.055186666548252109,"y":0.5222790837287903,"z":-0.033896554261446,"w":0.8503117561340332},"size":8.1807279586792,"orthographic":false}